Date,Stock Price,Market Cap (Billion USD),Company,Sector,Industry,PE_Ratio,PB_Ratio,Profit_Margin,ROE,ROA,Debt_to_Equity,Company_Age_Years,Market_Cap_Category
2000-07-01 00:00:00-04:00,1.0420517921447754,2.1875272746784056,Canadian Natural Resources,Energy,Oil & Gas E&P,13.927185,1.5286659,0.17125,0.154,0.07532,51.391,,Large Cap
2000-08-01 00:00:00-04:00,1.2149487733840942,2.550481270844101,Canadian Natural Resources,Energy,Oil & Gas E&P,13.927185,1.5286659,0.17125,0.154,0.07532,51.391,,Large Cap
2000-09-01 00:00:00-04:00,1.2523318529129028,2.6289577023393402,Canadian Natural Resources,Energy,Oil & Gas E&P,13.927185,1.5286659,0.17125,0.154,0.07532,51.391,,Large Cap
2000-10-01 00:00:00-04:00,1.098126769065857,2.305242672671585,Canadian Natural Resources,Energy,Oil & Gas E&P,13.927185,1.5286659,0.17125,0.154,0.07532,51.391,,Large Cap
2000-11-01 00:00:00-05:00,1.0327054262161255,2.167906915554062,Canadian Natural Resources,Energy,Oil & Gas E&P,13.927185,1.5286659,0.17125,0.154,0.07532,51.391,,Large Cap
2000-12-01 00:00:00-05:00,1.02803373336792,2.158099864118225,Canadian Natural Resources,Energy,Oil & Gas E&P,13.927185,1.5286659,0.17125,0.154,0.07532,51.391,,Large Cap
2001-01-01 00:00:00-05:00,1.0923326015472412,2.293079266230011,Canadian Natural Resources,Energy,Oil & Gas E&P,13.927185,1.5286659,0.17125,0.154,0.07532,51.391,,Large Cap
2001-02-01 00:00:00-05:00,1.0523322820663452,2.2091085936397246,Canadian Natural Resources,Energy,Oil & Gas E&P,13.927185,1.5286659,0.17125,0.154,0.07532,51.391,,Large Cap
2001-03-01 00:00:00-05:00,1.0785002708435059,2.2640417453362427,Canadian Natural Resources,Energy,Oil & Gas E&P,13.927185,1.5286659,0.17125,0.154,0.07532,51.391,,Large Cap
2001-04-01 00:00:00-05:00,1.173827052116394,2.4641564954990387,Canadian Natural Resources,Energy,Oil & Gas E&P,13.927185,1.5286659,0.17125,0.154,0.07532,51.391,,Large Cap
2001-05-01 00:00:00-04:00,1.2545738220214844,2.6336641560981446,Canadian Natural Resources,Energy,Oil & Gas E&P,13.927185,1.5286659,0.17125,0.154,0.07532,51.391,,Large Cap
2001-06-01 00:00:00-04:00,1.1084067821502686,2.326822990632477,Canadian Natural Resources,Energy,Oil & Gas E&P,13.927185,1.5286659,0.17125,0.154,0.07532,51.391,,Large Cap
2001-07-01 00:00:00-04:00,1.1117674112319946,2.3338777913936006,Canadian Natural Resources,Energy,Oil & Gas E&P,13.927185,1.5286659,0.17125,0.154,0.07532,51.391,,Large Cap
2001-08-01 00:00:00-04:00,1.0438992977142334,2.191405650833771,Canadian Natural Resources,Energy,Oil & Gas E&P,13.927185,1.5286659,0.17125,0.154,0.07532,51.391,,Large Cap
2001-09-01 00:00:00-04:00,0.9126614332199097,1.915904557494644,Canadian Natural Resources,Energy,Oil & Gas E&P,13.927185,1.5286659,0.17125,0.154,0.07532,51.391,,Large Cap
2001-10-01 00:00:00-04:00,1.0092943906784058,2.118761298077774,Canadian Natural Resources,Energy,Oil & Gas E&P,13.927185,1.5286659,0.17125,0.154,0.07532,51.391,,Large Cap
2001-11-01 00:00:00-05:00,0.9351037740707397,1.9630166426029816,Canadian Natural Resources,Energy,Oil & Gas E&P,13.927185,1.5286659,0.17125,0.154,0.07532,51.391,,Large Cap
2001-12-01 00:00:00-05:00,0.9189097881317139,1.92902141684317,Canadian Natural Resources,Energy,Oil & Gas E&P,13.927185,1.5286659,0.17125,0.154,0.07532,51.391,,Large Cap
2002-01-01 00:00:00-05:00,0.9846785664558411,2.0670865278969957,Canadian Natural Resources,Energy,Oil & Gas E&P,13.927185,1.5286659,0.17125,0.154,0.07532,51.391,,Large Cap
2002-02-01 00:00:00-05:00,1.1106007099151611,2.331428593598236,Canadian Natural Resources,Energy,Oil & Gas E&P,13.927185,1.5286659,0.17125,0.154,0.07532,51.391,,Large Cap
2002-03-01 00:00:00-05:00,1.245597004890442,2.6148195723049166,Canadian Natural Resources,Energy,Oil & Gas E&P,13.927185,1.5286659,0.17125,0.154,0.07532,51.391,,Large Cap
2002-04-01 00:00:00-05:00,1.246353030204773,2.616406658482315,Canadian Natural Resources,Energy,Oil & Gas E&P,13.927185,1.5286659,0.17125,0.154,0.07532,51.391,,Large Cap
2002-05-01 00:00:00-04:00,1.240302562713623,2.603705214311096,Canadian Natural Resources,Energy,Oil & Gas E&P,13.927185,1.5286659,0.17125,0.154,0.07532,51.391,,Large Cap
2002-06-01 00:00:00-04:00,1.2951328754425049,2.7188077509390562,Canadian Natural Resources,Energy,Oil & Gas E&P,13.927185,1.5286659,0.17125,0.154,0.07532,51.391,,Large Cap
2002-07-01 00:00:00-04:00,1.2292845249176025,2.5805755979389344,Canadian Natural Resources,Energy,Oil & Gas E&P,13.927185,1.5286659,0.17125,0.154,0.07532,51.391,,Large Cap
2002-08-01 00:00:00-04:00,1.266109585762024,2.657880608684189,Canadian Natural Resources,Energy,Oil & Gas E&P,13.927185,1.5286659,0.17125,0.154,0.07532,51.391,,Large Cap
2002-09-01 00:00:00-04:00,1.207265019416809,2.5343511499594573,Canadian Natural Resources,Energy,Oil & Gas E&P,13.927185,1.5286659,0.17125,0.154,0.07532,51.391,,Large Cap
2002-10-01 00:00:00-04:00,1.0516120195388794,2.2075965824943693,Canadian Natural Resources,Energy,Oil & Gas E&P,13.927185,1.5286659,0.17125,0.154,0.07532,51.391,,Large Cap
2002-11-01 00:00:00-05:00,0.999980092048645,2.0992082562321626,Canadian Natural Resources,Energy,Oil & Gas E&P,13.927185,1.5286659,0.17125,0.154,0.07532,51.391,,Large Cap
2002-12-01 00:00:00-05:00,1.126401424407959,2.364598244255676,Canadian Natural Resources,Energy,Oil & Gas E&P,13.927185,1.5286659,0.17125,0.154,0.07532,51.391,,Large Cap
2003-01-01 00:00:00-05:00,1.188929796218872,2.4958609317810976,Canadian Natural Resources,Energy,Oil & Gas E&P,13.927185,1.5286659,0.17125,0.154,0.07532,51.391,,Large Cap
2003-02-01 00:00:00-05:00,1.3136183023452759,2.757613284251999,Canadian Natural Resources,Energy,Oil & Gas E&P,13.927185,1.5286659,0.17125,0.154,0.07532,51.391,,Large Cap
2003-03-01 00:00:00-05:00,1.2964600324630737,2.721593785378189,Canadian Natural Resources,Energy,Oil & Gas E&P,13.927185,1.5286659,0.17125,0.154,0.07532,51.391,,Large Cap
2003-04-01 00:00:00-05:00,1.272818922996521,2.671965185195755,Canadian Natural Resources,Energy,Oil & Gas E&P,13.927185,1.5286659,0.17125,0.154,0.07532,51.391,,Large Cap
2003-05-01 00:00:00-04:00,1.4787266254425049,3.1042169394390564,Canadian Natural Resources,Energy,Oil & Gas E&P,13.927185,1.5286659,0.17125,0.154,0.07532,51.391,,Large Cap
2003-06-01 00:00:00-04:00,1.5218150615692139,3.194670341046295,Canadian Natural Resources,Energy,Oil & Gas E&P,13.927185,1.5286659,0.17125,0.154,0.07532,51.391,,Large Cap
2003-07-01 00:00:00-04:00,1.4444092512130737,3.032176189940689,Canadian Natural Resources,Energy,Oil & Gas E&P,13.927185,1.5286659,0.17125,0.154,0.07532,51.391,,Large Cap
2003-08-01 00:00:00-04:00,1.4844456911087036,3.1162226883133393,Canadian Natural Resources,Energy,Oil & Gas E&P,13.927185,1.5286659,0.17125,0.154,0.07532,51.391,,Large Cap
2003-09-01 00:00:00-04:00,1.5694788694381714,3.294728592003067,Canadian Natural Resources,Energy,Oil & Gas E&P,13.927185,1.5286659,0.17125,0.154,0.07532,51.391,,Large Cap
2003-10-01 00:00:00-04:00,1.6270503997802734,3.415585629837158,Canadian Natural Resources,Energy,Oil & Gas E&P,13.927185,1.5286659,0.17125,0.154,0.07532,51.391,,Large Cap
2003-11-01 00:00:00-05:00,1.7074273824691772,3.5843170146049346,Canadian Natural Resources,Energy,Oil & Gas E&P,13.927185,1.5286659,0.17125,0.154,0.07532,51.391,,Large Cap
2003-12-01 00:00:00-05:00,1.930567741394043,4.052744423788696,Canadian Natural Resources,Energy,Oil & Gas E&P,13.927185,1.5286659,0.17125,0.154,0.07532,51.391,,Large Cap
2004-01-01 00:00:00-05:00,1.8494253158569336,3.882406183085083,Canadian Natural Resources,Energy,Oil & Gas E&P,13.927185,1.5286659,0.17125,0.154,0.07532,51.391,,Large Cap
2004-02-01 00:00:00-05:00,2.098593235015869,4.405471949339539,Canadian Natural Resources,Energy,Oil & Gas E&P,13.927185,1.5286659,0.17125,0.154,0.07532,51.391,,Large Cap
2004-03-01 00:00:00-05:00,2.129595994949341,4.470554494618011,Canadian Natural Resources,Energy,Oil & Gas E&P,13.927185,1.5286659,0.17125,0.154,0.07532,51.391,,Large Cap
2004-04-01 00:00:00-05:00,2.1085445880889893,4.4263623277559505,Canadian Natural Resources,Energy,Oil & Gas E&P,13.927185,1.5286659,0.17125,0.154,0.07532,51.391,,Large Cap
2004-05-01 00:00:00-04:00,1.9891279935836792,4.175677036008683,Canadian Natural Resources,Energy,Oil & Gas E&P,13.927185,1.5286659,0.17125,0.154,0.07532,51.391,,Large Cap
2004-06-01 00:00:00-04:00,2.2888176441192627,4.804800549280609,Canadian Natural Resources,Energy,Oil & Gas E&P,13.927185,1.5286659,0.17125,0.154,0.07532,51.391,,Large Cap
2004-07-01 00:00:00-04:00,2.5398991107940674,5.331883330249603,Canadian Natural Resources,Energy,Oil & Gas E&P,13.927185,1.5286659,0.17125,0.154,0.07532,51.391,,Large Cap
2004-08-01 00:00:00-04:00,2.487079381942749,5.221001511923126,Canadian Natural Resources,Energy,Oil & Gas E&P,13.927185,1.5286659,0.17125,0.154,0.07532,51.391,,Large Cap
2004-09-01 00:00:00-04:00,3.0489501953125,6.400508843859375,Canadian Natural Resources,Energy,Oil & Gas E&P,13.927185,1.5286659,0.17125,0.154,0.07532,51.391,,Large Cap
2004-10-01 00:00:00-04:00,3.218837022781372,6.7571437745779726,Canadian Natural Resources,Energy,Oil & Gas E&P,13.927185,1.5286659,0.17125,0.154,0.07532,51.391,,Large Cap
2004-11-01 00:00:00-05:00,3.3308370113372803,6.992259755929962,Canadian Natural Resources,Energy,Oil & Gas E&P,13.927185,1.5286659,0.17125,0.154,0.07532,51.391,,Large Cap
2004-12-01 00:00:00-05:00,3.2809746265411377,6.887586142253266,Canadian Natural Resources,Energy,Oil & Gas E&P,13.927185,1.5286659,0.17125,0.154,0.07532,51.391,,Large Cap
2005-01-01 00:00:00-05:00,3.370727062225342,7.075998947171448,Canadian Natural Resources,Energy,Oil & Gas E&P,13.927185,1.5286659,0.17125,0.154,0.07532,51.391,,Large Cap
2005-02-01 00:00:00-05:00,4.3649163246154785,9.163050803965026,Canadian Natural Resources,Energy,Oil & Gas E&P,13.927185,1.5286659,0.17125,0.154,0.07532,51.391,,Large Cap
2005-03-01 00:00:00-05:00,4.358778476715088,9.150165926465515,Canadian Natural Resources,Energy,Oil & Gas E&P,13.927185,1.5286659,0.17125,0.154,0.07532,51.391,,Large Cap
2005-04-01 00:00:00-05:00,3.8003149032592773,7.9778112430821535,Canadian Natural Resources,Energy,Oil & Gas E&P,13.927185,1.5286659,0.17125,0.154,0.07532,51.391,,Large Cap
2005-05-01 00:00:00-04:00,4.475379943847656,9.39494156194043,Canadian Natural Resources,Energy,Oil & Gas E&P,13.927185,1.5286659,0.17125,0.154,0.07532,51.391,,Large Cap
2005-06-01 00:00:00-04:00,5.581567287445068,11.717105396084289,Canadian Natural Resources,Energy,Oil & Gas E&P,13.927185,1.5286659,0.17125,0.154,0.07532,51.391,,Large Cap
2005-07-01 00:00:00-04:00,6.388364315032959,13.410774094974427,Canadian Natural Resources,Energy,Oil & Gas E&P,13.927185,1.5286659,0.17125,0.154,0.07532,51.391,,Large Cap
2005-08-01 00:00:00-04:00,7.569853782653809,15.891015916588989,Canadian Natural Resources,Energy,Oil & Gas E&P,13.927185,1.5286659,0.17125,0.154,0.07532,51.391,,Large Cap
2005-09-01 00:00:00-04:00,6.943002223968506,14.575097751929993,Canadian Natural Resources,Energy,Oil & Gas E&P,13.927185,1.5286659,0.17125,0.154,0.07532,51.391,,Large Cap
2005-10-01 00:00:00-04:00,6.338528633117676,13.306156537321655,Canadian Natural Resources,Energy,Oil & Gas E&P,13.927185,1.5286659,0.17125,0.154,0.07532,51.391,,Large Cap
2005-11-01 00:00:00-05:00,6.984532356262207,14.662279884140991,Canadian Natural Resources,Energy,Oil & Gas E&P,13.927185,1.5286659,0.17125,0.154,0.07532,51.391,,Large Cap
2005-12-01 00:00:00-05:00,7.63207483291626,16.02163345933905,Canadian Natural Resources,Energy,Oil & Gas E&P,13.927185,1.5286659,0.17125,0.154,0.07532,51.391,,Large Cap
2006-01-01 00:00:00-05:00,9.545609474182129,20.038621146866088,Canadian Natural Resources,Energy,Oil & Gas E&P,13.927185,1.5286659,0.17125,0.154,0.07532,51.391,,Large Cap
2006-02-01 00:00:00-05:00,8.400136947631836,17.633987890522704,Canadian Natural Resources,Energy,Oil & Gas E&P,13.927185,1.5286659,0.17125,0.154,0.07532,51.391,,Large Cap
2006-03-01 00:00:00-05:00,8.527925491333008,17.90224799702124,Canadian Natural Resources,Energy,Oil & Gas E&P,13.927185,1.5286659,0.17125,0.154,0.07532,51.391,,Large Cap
2006-04-01 00:00:00-05:00,9.278907775878906,19.478747593901367,Canadian Natural Resources,Energy,Oil & Gas E&P,13.927185,1.5286659,0.17125,0.154,0.07532,51.391,,Large Cap
2006-05-01 00:00:00-04:00,8.28320026397705,17.388508551747435,Canadian Natural Resources,Energy,Oil & Gas E&P,13.927185,1.5286659,0.17125,0.154,0.07532,51.391,,Large Cap
2006-06-01 00:00:00-04:00,8.535982131958008,17.91916090023999,Canadian Natural Resources,Energy,Oil & Gas E&P,13.927185,1.5286659,0.17125,0.154,0.07532,51.391,,Large Cap
2006-07-01 00:00:00-04:00,8.217923164367676,17.251475597259155,Canadian Natural Resources,Energy,Oil & Gas E&P,13.927185,1.5286659,0.17125,0.154,0.07532,51.391,,Large Cap
2006-08-01 00:00:00-04:00,8.117588996887207,17.040849091359743,Canadian Natural Resources,Energy,Oil & Gas E&P,13.927185,1.5286659,0.17125,0.154,0.07532,51.391,,Large Cap
2006-09-01 00:00:00-04:00,7.03555154800415,14.769381924854187,Canadian Natural Resources,Energy,Oil & Gas E&P,13.927185,1.5286659,0.17125,0.154,0.07532,51.391,,Large Cap
2006-10-01 00:00:00-04:00,8.061588287353516,16.923289599183107,Canadian Natural Resources,Energy,Oil & Gas E&P,13.927185,1.5286659,0.17125,0.154,0.07532,51.391,,Large Cap
2006-11-01 00:00:00-05:00,8.38930892944336,17.6112571728208,Canadian Natural Resources,Energy,Oil & Gas E&P,13.927185,1.5286659,0.17125,0.154,0.07532,51.391,,Large Cap
2006-12-01 00:00:00-05:00,8.228540420532227,17.273763872772218,Canadian Natural Resources,Energy,Oil & Gas E&P,13.927185,1.5286659,0.17125,0.154,0.07532,51.391,,Large Cap
2007-01-01 00:00:00-05:00,7.741726875305176,16.25182051458728,Canadian Natural Resources,Energy,Oil & Gas E&P,13.927185,1.5286659,0.17125,0.154,0.07532,51.391,,Large Cap
2007-02-01 00:00:00-05:00,7.785059928894043,16.342787429413697,Canadian Natural Resources,Energy,Oil & Gas E&P,13.927185,1.5286659,0.17125,0.154,0.07532,51.391,,Large Cap
2007-03-01 00:00:00-05:00,8.541901588439941,17.931587319543823,Canadian Natural Resources,Energy,Oil & Gas E&P,13.927185,1.5286659,0.17125,0.154,0.07532,51.391,,Large Cap
2007-04-01 00:00:00-04:00,9.225994110107422,19.367668578490722,Canadian Natural Resources,Energy,Oil & Gas E&P,13.927185,1.5286659,0.17125,0.154,0.07532,51.391,,Large Cap
2007-05-01 00:00:00-04:00,10.30321216583252,21.6290186336781,Canadian Natural Resources,Energy,Oil & Gas E&P,13.927185,1.5286659,0.17125,0.154,0.07532,51.391,,Large Cap
2007-06-01 00:00:00-04:00,10.269164085388184,21.557543199171022,Canadian Natural Resources,Energy,Oil & Gas E&P,13.927185,1.5286659,0.17125,0.154,0.07532,51.391,,Large Cap
2007-07-01 00:00:00-04:00,10.587993621826172,22.226846118842285,Canadian Natural Resources,Energy,Oil & Gas E&P,13.927185,1.5286659,0.17125,0.154,0.07532,51.391,,Large Cap
2007-08-01 00:00:00-04:00,10.572517395019531,22.194357648975586,Canadian Natural Resources,Energy,Oil & Gas E&P,13.927185,1.5286659,0.17125,0.154,0.07532,51.391,,Large Cap
2007-09-01 00:00:00-04:00,11.724023818969727,24.61165756472534,Canadian Natural Resources,Energy,Oil & Gas E&P,13.927185,1.5286659,0.17125,0.154,0.07532,51.391,,Large Cap
2007-10-01 00:00:00-04:00,12.87707805633545,27.03220672786194,Canadian Natural Resources,Energy,Oil & Gas E&P,13.927185,1.5286659,0.17125,0.154,0.07532,51.391,,Large Cap
2007-11-01 00:00:00-04:00,10.132956504821777,21.27160942912903,Canadian Natural Resources,Energy,Oil & Gas E&P,13.927185,1.5286659,0.17125,0.154,0.07532,51.391,,Large Cap
2007-12-01 00:00:00-05:00,11.32007122039795,23.763660052783813,Canadian Natural Resources,Energy,Oil & Gas E&P,13.927185,1.5286659,0.17125,0.154,0.07532,51.391,,Large Cap
2008-01-01 00:00:00-05:00,9.87603759765625,20.732272400929688,Canadian Natural Resources,Energy,Oil & Gas E&P,13.927185,1.5286659,0.17125,0.154,0.07532,51.391,,Large Cap
2008-02-01 00:00:00-05:00,11.583176612854004,24.315984060526244,Canadian Natural Resources,Energy,Oil & Gas E&P,13.927185,1.5286659,0.17125,0.154,0.07532,51.391,,Large Cap
2008-03-01 00:00:00-05:00,10.564780235290527,22.17811541604309,Canadian Natural Resources,Energy,Oil & Gas E&P,13.927185,1.5286659,0.17125,0.154,0.07532,51.391,,Large Cap
2008-04-01 00:00:00-04:00,13.173542022705078,27.654558723493654,Canadian Natural Resources,Energy,Oil & Gas E&P,13.927185,1.5286659,0.17125,0.154,0.07532,51.391,,Large Cap
2008-05-01 00:00:00-04:00,15.180566787719727,31.867805557787843,Canadian Natural Resources,Energy,Oil & Gas E&P,13.927185,1.5286659,0.17125,0.154,0.07532,51.391,,Large Cap
2008-06-01 00:00:00-04:00,15.537031173706055,32.61611343717993,Canadian Natural Resources,Energy,Oil & Gas E&P,13.927185,1.5286659,0.17125,0.154,0.07532,51.391,,Large Cap
2008-07-01 00:00:00-04:00,12.107942581176758,25.417599044716553,Canadian Natural Resources,Energy,Oil & Gas E&P,13.927185,1.5286659,0.17125,0.154,0.07532,51.391,,Large Cap
2008-08-01 00:00:00-04:00,13.19384765625,27.6971853256875,Canadian Natural Resources,Energy,Oil & Gas E&P,13.927185,1.5286659,0.17125,0.154,0.07532,51.391,,Large Cap
2008-09-01 00:00:00-04:00,10.620238304138184,22.29453576973352,Canadian Natural Resources,Energy,Oil & Gas E&P,13.927185,1.5286659,0.17125,0.154,0.07532,51.391,,Large Cap
2008-10-01 00:00:00-04:00,7.837193965911865,16.452229809125793,Canadian Natural Resources,Energy,Oil & Gas E&P,13.927185,1.5286659,0.17125,0.154,0.07532,51.391,,Large Cap
2008-11-01 00:00:00-04:00,6.414647579193115,13.465949238524232,Canadian Natural Resources,Energy,Oil & Gas E&P,13.927185,1.5286659,0.17125,0.154,0.07532,51.391,,Large Cap
2008-12-01 00:00:00-05:00,6.20211935043335,13.019799344098939,Canadian Natural Resources,Energy,Oil & Gas E&P,13.927185,1.5286659,0.17125,0.154,0.07532,51.391,,Large Cap
2009-01-01 00:00:00-05:00,5.528453350067139,11.605605960494202,Canadian Natural Resources,Energy,Oil & Gas E&P,13.927185,1.5286659,0.17125,0.154,0.07532,51.391,,Large Cap
2009-02-01 00:00:00-05:00,5.018373489379883,10.534820788462646,Canadian Natural Resources,Energy,Oil & Gas E&P,13.927185,1.5286659,0.17125,0.154,0.07532,51.391,,Large Cap
2009-03-01 00:00:00-05:00,5.996546745300293,12.588251042905883,Canadian Natural Resources,Energy,Oil & Gas E&P,13.927185,1.5286659,0.17125,0.154,0.07532,51.391,,Large Cap
2009-04-01 00:00:00-04:00,7.170660972595215,15.053010390912231,Canadian Natural Resources,Energy,Oil & Gas E&P,13.927185,1.5286659,0.17125,0.154,0.07532,51.391,,Large Cap
2009-05-01 00:00:00-04:00,9.293399810791016,19.50916999888623,Canadian Natural Resources,Energy,Oil & Gas E&P,13.927185,1.5286659,0.17125,0.154,0.07532,51.391,,Large Cap
2009-06-01 00:00:00-04:00,8.16283130645752,17.13582401189685,Canadian Natural Resources,Energy,Oil & Gas E&P,13.927185,1.5286659,0.17125,0.154,0.07532,51.391,,Large Cap
2009-07-01 00:00:00-04:00,9.40665340423584,19.74691761036145,Canadian Natural Resources,Energy,Oil & Gas E&P,13.927185,1.5286659,0.17125,0.154,0.07532,51.391,,Large Cap
2009-08-01 00:00:00-04:00,8.914438247680664,18.71363491933667,Canadian Natural Resources,Energy,Oil & Gas E&P,13.927185,1.5286659,0.17125,0.154,0.07532,51.391,,Large Cap
2009-09-01 00:00:00-04:00,10.46585750579834,21.970451871408326,Canadian Natural Resources,Energy,Oil & Gas E&P,13.927185,1.5286659,0.17125,0.154,0.07532,51.391,,Large Cap
2009-10-01 00:00:00-04:00,10.073330879211426,21.14644033170447,Canadian Natural Resources,Energy,Oil & Gas E&P,13.927185,1.5286659,0.17125,0.154,0.07532,51.391,,Large Cap
2009-11-01 00:00:00-04:00,10.458070755004883,21.954105534431395,Canadian Natural Resources,Energy,Oil & Gas E&P,13.927185,1.5286659,0.17125,0.154,0.07532,51.391,,Large Cap
2009-12-01 00:00:00-05:00,11.207301139831543,23.52692745574182,Canadian Natural Resources,Energy,Oil & Gas E&P,13.927185,1.5286659,0.17125,0.154,0.07532,51.391,,Large Cap
2010-01-01 00:00:00-05:00,9.939372062683105,20.865227279677367,Canadian Natural Resources,Energy,Oil & Gas E&P,13.927185,1.5286659,0.17125,0.154,0.07532,51.391,,Large Cap
2010-02-01 00:00:00-05:00,10.56554889678955,22.17972902873181,Canadian Natural Resources,Energy,Oil & Gas E&P,13.927185,1.5286659,0.17125,0.154,0.07532,51.391,,Large Cap
2010-03-01 00:00:00-05:00,11.532851219177246,24.210338475434693,Canadian Natural Resources,Energy,Oil & Gas E&P,13.927185,1.5286659,0.17125,0.154,0.07532,51.391,,Large Cap
2010-04-01 00:00:00-04:00,11.984566688537598,25.158602196171753,Canadian Natural Resources,Energy,Oil & Gas E&P,13.927185,1.5286659,0.17125,0.154,0.07532,51.391,,Large Cap
2010-05-01 00:00:00-04:00,10.81944751739502,22.712725720224977,Canadian Natural Resources,Energy,Oil & Gas E&P,13.927185,1.5286659,0.17125,0.154,0.07532,51.391,,Large Cap
2010-06-01 00:00:00-04:00,10.352149963378906,21.731751307526366,Canadian Natural Resources,Energy,Oil & Gas E&P,13.927185,1.5286659,0.17125,0.154,0.07532,51.391,,Large Cap
2010-07-01 00:00:00-04:00,10.722869873046875,22.509985095691405,Canadian Natural Resources,Energy,Oil & Gas E&P,13.927185,1.5286659,0.17125,0.154,0.07532,51.391,,Large Cap
2010-08-01 00:00:00-04:00,9.997002601623535,20.986208191314333,Canadian Natural Resources,Energy,Oil & Gas E&P,13.927185,1.5286659,0.17125,0.154,0.07532,51.391,,Large Cap
2010-09-01 00:00:00-04:00,10.778946876525879,22.627704747936402,Canadian Natural Resources,Energy,Oil & Gas E&P,13.927185,1.5286659,0.17125,0.154,0.07532,51.391,,Large Cap
2010-10-01 00:00:00-04:00,11.385655403137207,23.90133765154724,Canadian Natural Resources,Energy,Oil & Gas E&P,13.927185,1.5286659,0.17125,0.154,0.07532,51.391,,Large Cap
2010-11-01 00:00:00-04:00,12.006916999816895,25.20552108819763,Canadian Natural Resources,Energy,Oil & Gas E&P,13.927185,1.5286659,0.17125,0.154,0.07532,51.391,,Large Cap
2010-12-01 00:00:00-05:00,13.867586135864258,29.111530861357178,Canadian Natural Resources,Energy,Oil & Gas E&P,13.927185,1.5286659,0.17125,0.154,0.07532,51.391,,Large Cap
2011-01-01 00:00:00-05:00,13.898797988891602,29.177052345323,Canadian Natural Resources,Energy,Oil & Gas E&P,13.927185,1.5286659,0.17125,0.154,0.07532,51.391,,Large Cap
2011-02-01 00:00:00-05:00,15.70327377319336,32.9650982221333,Canadian Natural Resources,Energy,Oil & Gas E&P,13.927185,1.5286659,0.17125,0.154,0.07532,51.391,,Large Cap
2011-03-01 00:00:00-05:00,15.431669235229492,32.394932382775636,Canadian Natural Resources,Energy,Oil & Gas E&P,13.927185,1.5286659,0.17125,0.154,0.07532,51.391,,Large Cap
2011-04-01 00:00:00-04:00,14.660548210144043,30.776156533851196,Canadian Natural Resources,Energy,Oil & Gas E&P,13.927185,1.5286659,0.17125,0.154,0.07532,51.391,,Large Cap
2011-05-01 00:00:00-04:00,13.614705085754395,28.580670304775758,Canadian Natural Resources,Energy,Oil & Gas E&P,13.927185,1.5286659,0.17125,0.154,0.07532,51.391,,Large Cap
2011-06-01 00:00:00-04:00,13.068370819091797,27.433778069260253,Canadian Natural Resources,Energy,Oil & Gas E&P,13.927185,1.5286659,0.17125,0.154,0.07532,51.391,,Large Cap
2011-07-01 00:00:00-04:00,12.578231811523438,26.404853734095703,Canadian Natural Resources,Energy,Oil & Gas E&P,13.927185,1.5286659,0.17125,0.154,0.07532,51.391,,Large Cap
2011-08-01 00:00:00-04:00,11.760279655456543,24.687767631210573,Canadian Natural Resources,Energy,Oil & Gas E&P,13.927185,1.5286659,0.17125,0.154,0.07532,51.391,,Large Cap
2011-09-01 00:00:00-04:00,9.137870788574219,19.182675691532225,Canadian Natural Resources,Energy,Oil & Gas E&P,13.927185,1.5286659,0.17125,0.154,0.07532,51.391,,Large Cap
2011-10-01 00:00:00-04:00,11.03599739074707,23.167318052253663,Canadian Natural Resources,Energy,Oil & Gas E&P,13.927185,1.5286659,0.17125,0.154,0.07532,51.391,,Large Cap
2011-11-01 00:00:00-04:00,11.657257080078125,24.471497484902343,Canadian Natural Resources,Energy,Oil & Gas E&P,13.927185,1.5286659,0.17125,0.154,0.07532,51.391,,Large Cap
2011-12-01 00:00:00-05:00,11.666621208190918,24.4911551312926,Canadian Natural Resources,Energy,Oil & Gas E&P,13.927185,1.5286659,0.17125,0.154,0.07532,51.391,,Large Cap
2012-01-01 00:00:00-05:00,12.396219253540039,26.02276386301245,Canadian Natural Resources,Energy,Oil & Gas E&P,13.927185,1.5286659,0.17125,0.154,0.07532,51.391,,Large Cap
2012-02-01 00:00:00-05:00,11.613825798034668,24.380324363987913,Canadian Natural Resources,Energy,Oil & Gas E&P,13.927185,1.5286659,0.17125,0.154,0.07532,51.391,,Large Cap
2012-03-01 00:00:00-05:00,10.383907318115234,21.798417935980957,Canadian Natural Resources,Energy,Oil & Gas E&P,13.927185,1.5286659,0.17125,0.154,0.07532,51.391,,Large Cap
2012-04-01 00:00:00-04:00,10.908411026000977,22.89948236993628,Canadian Natural Resources,Energy,Oil & Gas E&P,13.927185,1.5286659,0.17125,0.154,0.07532,51.391,,Large Cap
2012-05-01 00:00:00-04:00,8.971580505371094,18.833590806536133,Canadian Natural Resources,Energy,Oil & Gas E&P,13.927185,1.5286659,0.17125,0.154,0.07532,51.391,,Large Cap
2012-06-01 00:00:00-04:00,8.428515434265137,17.693561429949828,Canadian Natural Resources,Energy,Oil & Gas E&P,13.927185,1.5286659,0.17125,0.154,0.07532,51.391,,Large Cap
2012-07-01 00:00:00-04:00,8.55408000946045,17.957152870455687,Canadian Natural Resources,Energy,Oil & Gas E&P,13.927185,1.5286659,0.17125,0.154,0.07532,51.391,,Large Cap
2012-08-01 00:00:00-04:00,9.542901039123535,20.03293546443933,Canadian Natural Resources,Energy,Oil & Gas E&P,13.927185,1.5286659,0.17125,0.154,0.07532,51.391,,Large Cap
2012-09-01 00:00:00-04:00,9.665327072143555,20.289938320133057,Canadian Natural Resources,Energy,Oil & Gas E&P,13.927185,1.5286659,0.17125,0.154,0.07532,51.391,,Large Cap
2012-10-01 00:00:00-04:00,9.480116844177246,19.901135740184692,Canadian Natural Resources,Energy,Oil & Gas E&P,13.927185,1.5286659,0.17125,0.154,0.07532,51.391,,Large Cap
2012-11-01 00:00:00-04:00,8.943327903747559,18.774281531221803,Canadian Natural Resources,Energy,Oil & Gas E&P,13.927185,1.5286659,0.17125,0.154,0.07532,51.391,,Large Cap
2012-12-01 00:00:00-05:00,9.062613487243652,19.024691798101685,Canadian Natural Resources,Energy,Oil & Gas E&P,13.927185,1.5286659,0.17125,0.154,0.07532,51.391,,Large Cap
2013-01-01 00:00:00-05:00,9.486393928527832,19.91431290980896,Canadian Natural Resources,Energy,Oil & Gas E&P,13.927185,1.5286659,0.17125,0.154,0.07532,51.391,,Large Cap
2013-02-01 00:00:00-05:00,9.571150779724121,20.0922387337511,Canadian Natural Resources,Energy,Oil & Gas E&P,13.927185,1.5286659,0.17125,0.154,0.07532,51.391,,Large Cap
2013-03-01 00:00:00-05:00,10.085965156555176,21.17296283902478,Canadian Natural Resources,Energy,Oil & Gas E&P,13.927185,1.5286659,0.17125,0.154,0.07532,51.391,,Large Cap
2013-04-01 00:00:00-04:00,9.245616912841797,19.408861748072756,Canadian Natural Resources,Energy,Oil & Gas E&P,13.927185,1.5286659,0.17125,0.154,0.07532,51.391,,Large Cap
2013-05-01 00:00:00-04:00,9.381120681762695,19.69331804148413,Canadian Natural Resources,Energy,Oil & Gas E&P,13.927185,1.5286659,0.17125,0.154,0.07532,51.391,,Large Cap
2013-06-01 00:00:00-04:00,8.90528678894043,18.694423719136964,Canadian Natural Resources,Energy,Oil & Gas E&P,13.927185,1.5286659,0.17125,0.154,0.07532,51.391,,Large Cap
2013-07-01 00:00:00-04:00,9.815767288208008,20.60574995092749,Canadian Natural Resources,Energy,Oil & Gas E&P,13.927185,1.5286659,0.17125,0.154,0.07532,51.391,,Large Cap
2013-08-01 00:00:00-04:00,9.689194679260254,20.34004239551843,Canadian Natural Resources,Energy,Oil & Gas E&P,13.927185,1.5286659,0.17125,0.154,0.07532,51.391,,Large Cap
2013-09-01 00:00:00-04:00,9.948673248291016,20.88475279401123,Canadian Natural Resources,Energy,Oil & Gas E&P,13.927185,1.5286659,0.17125,0.154,0.07532,51.391,,Large Cap
2013-10-01 00:00:00-04:00,10.085230827331543,21.17142129836682,Canadian Natural Resources,Energy,Oil & Gas E&P,13.927185,1.5286659,0.17125,0.154,0.07532,51.391,,Large Cap
2013-11-01 00:00:00-04:00,10.45687484741211,21.951595025359865,Canadian Natural Resources,Energy,Oil & Gas E&P,13.927185,1.5286659,0.17125,0.154,0.07532,51.391,,Large Cap
2013-12-01 00:00:00-05:00,10.749106407165527,22.56506214119934,Canadian Natural Resources,Energy,Oil & Gas E&P,13.927185,1.5286659,0.17125,0.154,0.07532,51.391,,Large Cap
2014-01-01 00:00:00-05:00,10.402874946594238,21.838235730975953,Canadian Natural Resources,Energy,Oil & Gas E&P,13.927185,1.5286659,0.17125,0.154,0.07532,51.391,,Large Cap
2014-02-01 00:00:00-05:00,11.632158279418945,24.41880882641382,Canadian Natural Resources,Energy,Oil & Gas E&P,13.927185,1.5286659,0.17125,0.154,0.07532,51.391,,Large Cap
2014-03-01 00:00:00-05:00,12.188042640686035,25.585749098486207,Canadian Natural Resources,Energy,Oil & Gas E&P,13.927185,1.5286659,0.17125,0.154,0.07532,51.391,,Large Cap
2014-04-01 00:00:00-04:00,13.022335052490234,27.337137484012207,Canadian Natural Resources,Energy,Oil & Gas E&P,13.927185,1.5286659,0.17125,0.154,0.07532,51.391,,Large Cap
2014-05-01 00:00:00-04:00,12.990396499633789,27.270090475395264,Canadian Natural Resources,Energy,Oil & Gas E&P,13.927185,1.5286659,0.17125,0.154,0.07532,51.391,,Large Cap
2014-06-01 00:00:00-04:00,14.664104461669922,30.7836219950376,Canadian Natural Resources,Energy,Oil & Gas E&P,13.927185,1.5286659,0.17125,0.154,0.07532,51.391,,Large Cap
2014-07-01 00:00:00-04:00,13.92626953125,29.2347219819375,Canadian Natural Resources,Energy,Oil & Gas E&P,13.927185,1.5286659,0.17125,0.154,0.07532,51.391,,Large Cap
2014-08-01 00:00:00-04:00,13.910295486450195,29.201188467624757,Canadian Natural Resources,Energy,Oil & Gas E&P,13.927185,1.5286659,0.17125,0.154,0.07532,51.391,,Large Cap
2014-09-01 00:00:00-04:00,12.40588092803955,26.04304613366931,Canadian Natural Resources,Energy,Oil & Gas E&P,13.927185,1.5286659,0.17125,0.154,0.07532,51.391,,Large Cap
2014-10-01 00:00:00-04:00,11.196454048156738,23.50415669802283,Canadian Natural Resources,Energy,Oil & Gas E&P,13.927185,1.5286659,0.17125,0.154,0.07532,51.391,,Large Cap
2014-11-01 00:00:00-04:00,10.682854652404785,22.42598314183777,Canadian Natural Resources,Energy,Oil & Gas E&P,13.927185,1.5286659,0.17125,0.154,0.07532,51.391,,Large Cap
2014-12-01 00:00:00-05:00,9.912457466125488,20.80872681156189,Canadian Natural Resources,Energy,Oil & Gas E&P,13.927185,1.5286659,0.17125,0.154,0.07532,51.391,,Large Cap
2015-01-01 00:00:00-05:00,9.289719581604004,19.501444277588746,Canadian Natural Resources,Energy,Oil & Gas E&P,13.927185,1.5286659,0.17125,0.154,0.07532,51.391,,Large Cap
2015-02-01 00:00:00-05:00,9.357131004333496,19.64295770998938,Canadian Natural Resources,Energy,Oil & Gas E&P,13.927185,1.5286659,0.17125,0.154,0.07532,51.391,,Large Cap
2015-03-01 00:00:00-05:00,9.857887268066406,20.69417032066699,Canadian Natural Resources,Energy,Oil & Gas E&P,13.927185,1.5286659,0.17125,0.154,0.07532,51.391,,Large Cap
2015-04-01 00:00:00-04:00,10.739441871643066,22.544773864539916,Canadian Natural Resources,Energy,Oil & Gas E&P,13.927185,1.5286659,0.17125,0.154,0.07532,51.391,,Large Cap
2015-05-01 00:00:00-04:00,9.96103286743164,20.91069872508545,Canadian Natural Resources,Energy,Oil & Gas E&P,13.927185,1.5286659,0.17125,0.154,0.07532,51.391,,Large Cap
2015-06-01 00:00:00-04:00,8.77242660522461,18.415516972094238,Canadian Natural Resources,Energy,Oil & Gas E&P,13.927185,1.5286659,0.17125,0.154,0.07532,51.391,,Large Cap
2015-07-01 00:00:00-04:00,7.923017501831055,16.63239487102368,Canadian Natural Resources,Energy,Oil & Gas E&P,13.927185,1.5286659,0.17125,0.154,0.07532,51.391,,Large Cap
2015-08-01 00:00:00-04:00,7.302308082580566,15.329370592868042,Canadian Natural Resources,Energy,Oil & Gas E&P,13.927185,1.5286659,0.17125,0.154,0.07532,51.391,,Large Cap
2015-09-01 00:00:00-04:00,6.320868492126465,13.269083485498168,Canadian Natural Resources,Energy,Oil & Gas E&P,13.927185,1.5286659,0.17125,0.154,0.07532,51.391,,Large Cap
2015-10-01 00:00:00-04:00,7.5460429191589355,15.841030960254455,Canadian Natural Resources,Energy,Oil & Gas E&P,13.927185,1.5286659,0.17125,0.154,0.07532,51.391,,Large Cap
2015-11-01 00:00:00-04:00,7.864522933959961,16.50960014661255,Canadian Natural Resources,Energy,Oil & Gas E&P,13.927185,1.5286659,0.17125,0.154,0.07532,51.391,,Large Cap
2015-12-01 00:00:00-05:00,7.09432315826416,14.89275823051355,Canadian Natural Resources,Energy,Oil & Gas E&P,13.927185,1.5286659,0.17125,0.154,0.07532,51.391,,Large Cap
2016-01-01 00:00:00-05:00,6.963778018951416,14.618711340545104,Canadian Natural Resources,Energy,Oil & Gas E&P,13.927185,1.5286659,0.17125,0.154,0.07532,51.391,,Large Cap
2016-02-01 00:00:00-05:00,6.832758903503418,14.343669456151977,Canadian Natural Resources,Energy,Oil & Gas E&P,13.927185,1.5286659,0.17125,0.154,0.07532,51.391,,Large Cap
2016-03-01 00:00:00-05:00,8.843934059143066,18.565628998164918,Canadian Natural Resources,Energy,Oil & Gas E&P,13.927185,1.5286659,0.17125,0.154,0.07532,51.391,,Large Cap
2016-04-01 00:00:00-04:00,9.896578788757324,20.775393497334594,Canadian Natural Resources,Energy,Oil & Gas E&P,13.927185,1.5286659,0.17125,0.154,0.07532,51.391,,Large Cap
2016-05-01 00:00:00-04:00,9.804274559020996,20.581623838630005,Canadian Natural Resources,Energy,Oil & Gas E&P,13.927185,1.5286659,0.17125,0.154,0.07532,51.391,,Large Cap
2016-06-01 00:00:00-04:00,10.163610458374023,21.33595974259497,Canadian Natural Resources,Energy,Oil & Gas E&P,13.927185,1.5286659,0.17125,0.154,0.07532,51.391,,Large Cap
2016-07-01 00:00:00-04:00,10.027920722961426,21.051113059016966,Canadian Natural Resources,Energy,Oil & Gas E&P,13.927185,1.5286659,0.17125,0.154,0.07532,51.391,,Large Cap
2016-08-01 00:00:00-04:00,10.299934387207031,21.62213775674121,Canadian Natural Resources,Energy,Oil & Gas E&P,13.927185,1.5286659,0.17125,0.154,0.07532,51.391,,Large Cap
2016-09-01 00:00:00-04:00,10.628336906433105,22.311536760989867,Canadian Natural Resources,Energy,Oil & Gas E&P,13.927185,1.5286659,0.17125,0.154,0.07532,51.391,,Large Cap
2016-10-01 00:00:00-04:00,10.58172607421875,22.213688969226563,Canadian Natural Resources,Energy,Oil & Gas E&P,13.927185,1.5286659,0.17125,0.154,0.07532,51.391,,Large Cap
2016-11-01 00:00:00-04:00,11.269153594970703,23.65677122516162,Canadian Natural Resources,Energy,Oil & Gas E&P,13.927185,1.5286659,0.17125,0.154,0.07532,51.391,,Large Cap
2016-12-01 00:00:00-05:00,10.638453483581543,22.33277398605432,Canadian Natural Resources,Energy,Oil & Gas E&P,13.927185,1.5286659,0.17125,0.154,0.07532,51.391,,Large Cap
2017-01-01 00:00:00-05:00,10.144268035888672,21.295355161264162,Canadian Natural Resources,Energy,Oil & Gas E&P,13.927185,1.5286659,0.17125,0.154,0.07532,51.391,,Large Cap
2017-02-01 00:00:00-05:00,9.63420295715332,20.22460102024585,Canadian Natural Resources,Energy,Oil & Gas E&P,13.927185,1.5286659,0.17125,0.154,0.07532,51.391,,Large Cap
2017-03-01 00:00:00-05:00,11.003327369689941,23.098735508981324,Canadian Natural Resources,Energy,Oil & Gas E&P,13.927185,1.5286659,0.17125,0.154,0.07532,51.391,,Large Cap
2017-04-01 00:00:00-04:00,10.764853477478027,22.598119179308714,Canadian Natural Resources,Energy,Oil & Gas E&P,13.927185,1.5286659,0.17125,0.154,0.07532,51.391,,Large Cap
2017-05-01 00:00:00-04:00,9.748153686523438,20.463812094345702,Canadian Natural Resources,Energy,Oil & Gas E&P,13.927185,1.5286659,0.17125,0.154,0.07532,51.391,,Large Cap
2017-06-01 00:00:00-04:00,9.741397857666016,20.44962992029248,Canadian Natural Resources,Energy,Oil & Gas E&P,13.927185,1.5286659,0.17125,0.154,0.07532,51.391,,Large Cap
2017-07-01 00:00:00-04:00,10.40882682800293,21.850730218308836,Canadian Natural Resources,Energy,Oil & Gas E&P,13.927185,1.5286659,0.17125,0.154,0.07532,51.391,,Large Cap
2017-08-01 00:00:00-04:00,10.483659744262695,22.007823221359132,Canadian Natural Resources,Energy,Oil & Gas E&P,13.927185,1.5286659,0.17125,0.154,0.07532,51.391,,Large Cap
2017-09-01 00:00:00-04:00,11.391883850097656,23.91441271912793,Canadian Natural Resources,Energy,Oil & Gas E&P,13.927185,1.5286659,0.17125,0.154,0.07532,51.391,,Large Cap
2017-10-01 00:00:00-04:00,11.953293800354004,25.092952584151245,Canadian Natural Resources,Energy,Oil & Gas E&P,13.927185,1.5286659,0.17125,0.154,0.07532,51.391,,Large Cap
2017-11-01 00:00:00-04:00,11.617643356323242,24.38833837340845,Canadian Natural Resources,Energy,Oil & Gas E&P,13.927185,1.5286659,0.17125,0.154,0.07532,51.391,,Large Cap
2017-12-01 00:00:00-05:00,12.234146118164062,25.68253182579492,Canadian Natural Resources,Energy,Oil & Gas E&P,13.927185,1.5286659,0.17125,0.154,0.07532,51.391,,Large Cap
2018-01-01 00:00:00-05:00,11.768681526184082,24.705405258738647,Canadian Natural Resources,Energy,Oil & Gas E&P,13.927185,1.5286659,0.17125,0.154,0.07532,51.391,,Large Cap
2018-02-01 00:00:00-05:00,10.841663360595703,22.759362330130372,Canadian Natural Resources,Energy,Oil & Gas E&P,13.927185,1.5286659,0.17125,0.154,0.07532,51.391,,Large Cap
2018-03-01 00:00:00-05:00,10.845108985900879,22.766595559217652,Canadian Natural Resources,Energy,Oil & Gas E&P,13.927185,1.5286659,0.17125,0.154,0.07532,51.391,,Large Cap
2018-04-01 00:00:00-04:00,12.542366981506348,26.329564487960816,Canadian Natural Resources,Energy,Oil & Gas E&P,13.927185,1.5286659,0.17125,0.154,0.07532,51.391,,Large Cap
2018-05-01 00:00:00-04:00,12.013973236083984,25.22033389252002,Canadian Natural Resources,Energy,Oil & Gas E&P,13.927185,1.5286659,0.17125,0.154,0.07532,51.391,,Large Cap
2018-06-01 00:00:00-04:00,12.53888988494873,26.322265192845336,Canadian Natural Resources,Energy,Oil & Gas E&P,13.927185,1.5286659,0.17125,0.154,0.07532,51.391,,Large Cap
2018-07-01 00:00:00-04:00,12.837404251098633,26.94892149031421,Canadian Natural Resources,Energy,Oil & Gas E&P,13.927185,1.5286659,0.17125,0.154,0.07532,51.391,,Large Cap
2018-08-01 00:00:00-04:00,11.971999168395996,25.132219828911254,Canadian Natural Resources,Energy,Oil & Gas E&P,13.927185,1.5286659,0.17125,0.154,0.07532,51.391,,Large Cap
2018-09-01 00:00:00-04:00,11.442948341369629,24.021609854881714,Canadian Natural Resources,Energy,Oil & Gas E&P,13.927185,1.5286659,0.17125,0.154,0.07532,51.391,,Large Cap
2018-10-01 00:00:00-04:00,9.649942398071289,20.25764204234839,Canadian Natural Resources,Energy,Oil & Gas E&P,13.927185,1.5286659,0.17125,0.154,0.07532,51.391,,Large Cap
2018-11-01 00:00:00-04:00,8.88345718383789,18.648597919577636,Canadian Natural Resources,Energy,Oil & Gas E&P,13.927185,1.5286659,0.17125,0.154,0.07532,51.391,,Large Cap
2018-12-01 00:00:00-05:00,8.523173332214355,17.892272026763305,Canadian Natural Resources,Energy,Oil & Gas E&P,13.927185,1.5286659,0.17125,0.154,0.07532,51.391,,Large Cap
2019-01-01 00:00:00-05:00,9.487462043762207,19.91655515076599,Canadian Natural Resources,Energy,Oil & Gas E&P,13.927185,1.5286659,0.17125,0.154,0.07532,51.391,,Large Cap
2019-02-01 00:00:00-05:00,10.03141975402832,21.058458400152098,Canadian Natural Resources,Energy,Oil & Gas E&P,13.927185,1.5286659,0.17125,0.154,0.07532,51.391,,Large Cap
2019-03-01 00:00:00-05:00,9.713522911071777,20.391113437316527,Canadian Natural Resources,Energy,Oil & Gas E&P,13.927185,1.5286659,0.17125,0.154,0.07532,51.391,,Large Cap
2019-04-01 00:00:00-04:00,10.695709228515625,22.452968111355467,Canadian Natural Resources,Energy,Oil & Gas E&P,13.927185,1.5286659,0.17125,0.154,0.07532,51.391,,Large Cap
2019-05-01 00:00:00-04:00,9.62899398803711,20.213666091578613,Canadian Natural Resources,Energy,Oil & Gas E&P,13.927185,1.5286659,0.17125,0.154,0.07532,51.391,,Large Cap
2019-06-01 00:00:00-04:00,9.621856689453125,20.198683117183595,Canadian Natural Resources,Energy,Oil & Gas E&P,13.927185,1.5286659,0.17125,0.154,0.07532,51.391,,Large Cap
2019-07-01 00:00:00-04:00,9.114351272583008,19.13330234645874,Canadian Natural Resources,Energy,Oil & Gas E&P,13.927185,1.5286659,0.17125,0.154,0.07532,51.391,,Large Cap
2019-08-01 00:00:00-04:00,8.616813659667969,18.088846488665038,Canadian Natural Resources,Energy,Oil & Gas E&P,13.927185,1.5286659,0.17125,0.154,0.07532,51.391,,Large Cap
2019-09-01 00:00:00-04:00,9.601075172424316,20.155057516563353,Canadian Natural Resources,Energy,Oil & Gas E&P,13.927185,1.5286659,0.17125,0.154,0.07532,51.391,,Large Cap
2019-10-01 00:00:00-04:00,9.195454597473145,19.30355850512732,Canadian Natural Resources,Energy,Oil & Gas E&P,13.927185,1.5286659,0.17125,0.154,0.07532,51.391,,Large Cap
2019-11-01 00:00:00-04:00,10.198129653930664,21.40842416552417,Canadian Natural Resources,Energy,Oil & Gas E&P,13.927185,1.5286659,0.17125,0.154,0.07532,51.391,,Large Cap
2019-12-01 00:00:00-05:00,11.795120239257812,24.760906728427734,Canadian Natural Resources,Energy,Oil & Gas E&P,13.927185,1.5286659,0.17125,0.154,0.07532,51.391,,Large Cap
2020-01-01 00:00:00-05:00,10.35544204711914,21.738662214476076,Canadian Natural Resources,Energy,Oil & Gas E&P,13.927185,1.5286659,0.17125,0.154,0.07532,51.391,,Large Cap
2020-02-01 00:00:00-05:00,9.497703552246094,19.938054637942383,Canadian Natural Resources,Energy,Oil & Gas E&P,13.927185,1.5286659,0.17125,0.154,0.07532,51.391,,Large Cap
2020-03-01 00:00:00-05:00,4.988135814666748,10.47134434836969,Canadian Natural Resources,Energy,Oil & Gas E&P,13.927185,1.5286659,0.17125,0.154,0.07532,51.391,,Large Cap
2020-04-01 00:00:00-04:00,6.410635948181152,13.45752782192981,Canadian Natural Resources,Energy,Oil & Gas E&P,13.927185,1.5286659,0.17125,0.154,0.07532,51.391,,Large Cap
2020-05-01 00:00:00-04:00,6.923182010650635,14.533490168171081,Canadian Natural Resources,Energy,Oil & Gas E&P,13.927185,1.5286659,0.17125,0.154,0.07532,51.391,,Large Cap
2020-06-01 00:00:00-04:00,6.666909694671631,13.995510496551086,Canadian Natural Resources,Energy,Oil & Gas E&P,13.927185,1.5286659,0.17125,0.154,0.07532,51.391,,Large Cap
2020-07-01 00:00:00-04:00,6.861771583557129,14.404574326147339,Canadian Natural Resources,Energy,Oil & Gas E&P,13.927185,1.5286659,0.17125,0.154,0.07532,51.391,,Large Cap
2020-08-01 00:00:00-04:00,7.642755508422852,16.044054867908937,Canadian Natural Resources,Energy,Oil & Gas E&P,13.927185,1.5286659,0.17125,0.154,0.07532,51.391,,Large Cap
2020-09-01 00:00:00-04:00,6.220666408538818,13.058734256717102,Canadian Natural Resources,Energy,Oil & Gas E&P,13.927185,1.5286659,0.17125,0.154,0.07532,51.391,,Large Cap
2020-10-01 00:00:00-04:00,6.307295322418213,13.240590008336609,Canadian Natural Resources,Energy,Oil & Gas E&P,13.927185,1.5286659,0.17125,0.154,0.07532,51.391,,Large Cap
2020-11-01 00:00:00-04:00,9.031888008117676,18.960191334571654,Canadian Natural Resources,Energy,Oil & Gas E&P,13.927185,1.5286659,0.17125,0.154,0.07532,51.391,,Large Cap
2020-12-01 00:00:00-05:00,9.51037311553955,19.96465121929431,Canadian Natural Resources,Energy,Oil & Gas E&P,13.927185,1.5286659,0.17125,0.154,0.07532,51.391,,Large Cap
2021-01-01 00:00:00-05:00,9.050230026245117,18.998695817006105,Canadian Natural Resources,Energy,Oil & Gas E&P,13.927185,1.5286659,0.17125,0.154,0.07532,51.391,,Large Cap
2021-02-01 00:00:00-05:00,10.938035011291504,22.96167052247937,Canadian Natural Resources,Energy,Oil & Gas E&P,13.927185,1.5286659,0.17125,0.154,0.07532,51.391,,Large Cap
2021-03-01 00:00:00-05:00,12.372923851013184,25.97386098813977,Canadian Natural Resources,Energy,Oil & Gas E&P,13.927185,1.5286659,0.17125,0.154,0.07532,51.391,,Large Cap
2021-04-01 00:00:00-04:00,12.324248313903809,25.87167886452649,Canadian Natural Resources,Energy,Oil & Gas E&P,13.927185,1.5286659,0.17125,0.154,0.07532,51.391,,Large Cap
2021-05-01 00:00:00-04:00,14.044289588928223,29.48247559368347,Canadian Natural Resources,Energy,Oil & Gas E&P,13.927185,1.5286659,0.17125,0.154,0.07532,51.391,,Large Cap
2021-06-01 00:00:00-04:00,14.71770191192627,30.896136445060915,Canadian Natural Resources,Energy,Oil & Gas E&P,13.927185,1.5286659,0.17125,0.154,0.07532,51.391,,Large Cap
2021-07-01 00:00:00-04:00,13.535364151000977,28.41411384368628,Canadian Natural Resources,Energy,Oil & Gas E&P,13.927185,1.5286659,0.17125,0.154,0.07532,51.391,,Large Cap
2021-08-01 00:00:00-04:00,13.555858612060547,28.457136842049316,Canadian Natural Resources,Energy,Oil & Gas E&P,13.927185,1.5286659,0.17125,0.154,0.07532,51.391,,Large Cap
2021-09-01 00:00:00-04:00,14.978260040283203,31.443113108520997,Canadian Natural Resources,Energy,Oil & Gas E&P,13.927185,1.5286659,0.17125,0.154,0.07532,51.391,,Large Cap
2021-10-01 00:00:00-04:00,17.6107177734375,36.96930013120313,Canadian Natural Resources,Energy,Oil & Gas E&P,13.927185,1.5286659,0.17125,0.154,0.07532,51.391,,Large Cap
2021-11-01 00:00:00-04:00,16.910602569580078,35.4995832558999,Canadian Natural Resources,Energy,Oil & Gas E&P,13.927185,1.5286659,0.17125,0.154,0.07532,51.391,,Large Cap
2021-12-01 00:00:00-05:00,17.503009796142578,36.74319415469678,Canadian Natural Resources,Energy,Oil & Gas E&P,13.927185,1.5286659,0.17125,0.154,0.07532,51.391,,Large Cap
2022-01-01 00:00:00-05:00,21.324481964111328,44.76541978673584,Canadian Natural Resources,Energy,Oil & Gas E&P,13.927185,1.5286659,0.17125,0.154,0.07532,51.391,,Large Cap
2022-02-01 00:00:00-05:00,23.380712509155273,49.08196185711841,Canadian Natural Resources,Energy,Oil & Gas E&P,13.927185,1.5286659,0.17125,0.154,0.07532,51.391,,Large Cap
2022-03-01 00:00:00-05:00,25.95623207092285,54.488621420783936,Canadian Natural Resources,Energy,Oil & Gas E&P,13.927185,1.5286659,0.17125,0.154,0.07532,51.391,,Large Cap
2022-04-01 00:00:00-04:00,26.173503875732422,54.94472926745947,Canadian Natural Resources,Energy,Oil & Gas E&P,13.927185,1.5286659,0.17125,0.154,0.07532,51.391,,Large Cap
2022-05-01 00:00:00-04:00,28.060266494750977,58.90551578599878,Canadian Natural Resources,Energy,Oil & Gas E&P,13.927185,1.5286659,0.17125,0.154,0.07532,51.391,,Large Cap
2022-06-01 00:00:00-04:00,22.708805084228516,47.67146016308936,Canadian Natural Resources,Energy,Oil & Gas E&P,13.927185,1.5286659,0.17125,0.154,0.07532,51.391,,Large Cap
2022-07-01 00:00:00-04:00,23.581022262573242,49.50246211659595,Canadian Natural Resources,Energy,Oil & Gas E&P,13.927185,1.5286659,0.17125,0.154,0.07532,51.391,,Large Cap
2022-08-01 00:00:00-04:00,23.906116485595703,50.18491617988037,Canadian Natural Resources,Energy,Oil & Gas E&P,13.927185,1.5286659,0.17125,0.154,0.07532,51.391,,Large Cap
2022-09-01 00:00:00-04:00,20.751630783081055,43.562861917461184,Canadian Natural Resources,Energy,Oil & Gas E&P,13.927185,1.5286659,0.17125,0.154,0.07532,51.391,,Large Cap
2022-10-01 00:00:00-04:00,26.983430862426758,56.64496853315405,Canadian Natural Resources,Energy,Oil & Gas E&P,13.927185,1.5286659,0.17125,0.154,0.07532,51.391,,Large Cap
2022-11-01 00:00:00-04:00,26.88439178466797,56.43706074441504,Canadian Natural Resources,Energy,Oil & Gas E&P,13.927185,1.5286659,0.17125,0.154,0.07532,51.391,,Large Cap
2022-12-01 00:00:00-05:00,24.9981632232666,52.47739534635425,Canadian Natural Resources,Energy,Oil & Gas E&P,13.927185,1.5286659,0.17125,0.154,0.07532,51.391,,Large Cap
2023-01-01 00:00:00-05:00,27.972496032714844,58.721263639356444,Canadian Natural Resources,Energy,Oil & Gas E&P,13.927185,1.5286659,0.17125,0.154,0.07532,51.391,,Large Cap
2023-02-01 00:00:00-05:00,25.727954864501953,54.00941048424756,Canadian Natural Resources,Energy,Oil & Gas E&P,13.927185,1.5286659,0.17125,0.154,0.07532,51.391,,Large Cap
2023-03-01 00:00:00-05:00,25.1998291015625,52.900742451046874,Canadian Natural Resources,Energy,Oil & Gas E&P,13.927185,1.5286659,0.17125,0.154,0.07532,51.391,,Large Cap
2023-04-01 00:00:00-04:00,28.121116638183594,59.03325545252051,Canadian Natural Resources,Energy,Oil & Gas E&P,13.927185,1.5286659,0.17125,0.154,0.07532,51.391,,Large Cap
2023-05-01 00:00:00-04:00,24.851003646850586,52.16847059849927,Canadian Natural Resources,Energy,Oil & Gas E&P,13.927185,1.5286659,0.17125,0.154,0.07532,51.391,,Large Cap
2023-06-01 00:00:00-04:00,25.948726654052734,54.47286567405908,Canadian Natural Resources,Energy,Oil & Gas E&P,13.927185,1.5286659,0.17125,0.154,0.07532,51.391,,Large Cap
2023-07-01 00:00:00-04:00,28.38873291015625,59.595048924304685,Canadian Natural Resources,Energy,Oil & Gas E&P,13.927185,1.5286659,0.17125,0.154,0.07532,51.391,,Large Cap
2023-08-01 00:00:00-04:00,30.205059051513672,63.40797166373291,Canadian Natural Resources,Energy,Oil & Gas E&P,13.927185,1.5286659,0.17125,0.154,0.07532,51.391,,Large Cap
2023-09-01 00:00:00-04:00,30.195714950561523,63.388356059360596,Canadian Natural Resources,Energy,Oil & Gas E&P,13.927185,1.5286659,0.17125,0.154,0.07532,51.391,,Large Cap
2023-10-01 00:00:00-04:00,29.972946166992188,62.92070867975976,Canadian Natural Resources,Energy,Oil & Gas E&P,13.927185,1.5286659,0.17125,0.154,0.07532,51.391,,Large Cap
2023-11-01 00:00:00-04:00,31.515705108642578,66.15934546207178,Canadian Natural Resources,Energy,Oil & Gas E&P,13.927185,1.5286659,0.17125,0.154,0.07532,51.391,,Large Cap
2023-12-01 00:00:00-05:00,30.91181182861328,64.8916224649834,Canadian Natural Resources,Energy,Oil & Gas E&P,13.927185,1.5286659,0.17125,0.154,0.07532,51.391,,Large Cap
2024-01-01 00:00:00-05:00,30.549259185791016,64.13053381213624,Canadian Natural Resources,Energy,Oil & Gas E&P,13.927185,1.5286659,0.17125,0.154,0.07532,51.391,,Large Cap
2024-02-01 00:00:00-05:00,33.27048110961914,69.84305906635107,Canadian Natural Resources,Energy,Oil & Gas E&P,13.927185,1.5286659,0.17125,0.154,0.07532,51.391,,Large Cap
2024-03-01 00:00:00-05:00,36.43568420410156,76.48761181437305,Canadian Natural Resources,Energy,Oil & Gas E&P,13.927185,1.5286659,0.17125,0.154,0.07532,51.391,,Large Cap
2024-04-01 00:00:00-04:00,36.583003997802734,76.79687289837157,Canadian Natural Resources,Energy,Oil & Gas E&P,13.927185,1.5286659,0.17125,0.154,0.07532,51.391,,Large Cap
2024-05-01 00:00:00-04:00,37.07032775878906,77.81988732701367,Canadian Natural Resources,Energy,Oil & Gas E&P,13.927185,1.5286659,0.17125,0.154,0.07532,51.391,,Large Cap
2024-06-01 00:00:00-04:00,34.353858947753906,72.11734004505762,Canadian Natural Resources,Energy,Oil & Gas E&P,13.927185,1.5286659,0.17125,0.154,0.07532,51.391,,Large Cap
2024-07-01 00:00:00-04:00,34.6274528503418,72.69168205819776,Canadian Natural Resources,Energy,Oil & Gas E&P,13.927185,1.5286659,0.17125,0.154,0.07532,51.391,,Large Cap
2024-08-01 00:00:00-04:00,35.33991241455078,74.18731283256152,Canadian Natural Resources,Energy,Oil & Gas E&P,13.927185,1.5286659,0.17125,0.154,0.07532,51.391,,Large Cap
2024-09-01 00:00:00-04:00,32.4119987487793,68.04088992915088,Canadian Natural Resources,Energy,Oil & Gas E&P,13.927185,1.5286659,0.17125,0.154,0.07532,51.391,,Large Cap
2024-10-01 00:00:00-04:00,33.600929260253906,70.53675236243262,Canadian Natural Resources,Energy,Oil & Gas E&P,13.927185,1.5286659,0.17125,0.154,0.07532,51.391,,Large Cap
2024-11-01 00:00:00-04:00,33.40339279174805,70.12207392143993,Canadian Natural Resources,Energy,Oil & Gas E&P,13.927185,1.5286659,0.17125,0.154,0.07532,51.391,,Large Cap
2024-12-01 00:00:00-05:00,30.48973274230957,64.00557292280054,Canadian Natural Resources,Energy,Oil & Gas E&P,13.927185,1.5286659,0.17125,0.154,0.07532,51.391,,Large Cap
2025-01-01 00:00:00-05:00,30.350000381469727,63.712239757600344,Canadian Natural Resources,Energy,Oil & Gas E&P,13.927185,1.5286659,0.17125,0.154,0.07532,51.391,,Large Cap
2025-02-01 00:00:00-05:00,28.270000457763672,59.34579981792041,Canadian Natural Resources,Energy,Oil & Gas E&P,13.927185,1.5286659,0.17125,0.154,0.07532,51.391,,Large Cap
2025-03-01 00:00:00-05:00,30.799999237060547,64.65689987679932,Canadian Natural Resources,Energy,Oil & Gas E&P,13.927185,1.5286659,0.17125,0.154,0.07532,51.391,,Large Cap
2025-04-01 00:00:00-04:00,28.690000534057617,60.22748499824048,Canadian Natural Resources,Energy,Oil & Gas E&P,13.927185,1.5286659,0.17125,0.154,0.07532,51.391,,Large Cap
